{
  "n_calibration": 318,
  "quantiles": {
    "0.05": 0.7825366876310272,
    "0.1": 0.713372641509434,
    "0.2": 0.6254874213836478
  },
  "mean_score": 0.4651549295742692,
  "score_std": 0.18509866695302457
}