{
  "n_markets": 60,
  "alpha": 0.1,
  "empirical_coverage": 0.9333333333333333,
  "target_coverage": 0.9,
  "mean_ci_width": 0.9829166666666667,
  "brier_market": 0.25,
  "brier_model": 0.3045256833333333,
  "brier_improvement": -0.0545256833333333,
  "corr_mismatch_vs_market_error": NaN,
  "mismatch_quartile_stats": {
    "Q1_low_mismatch": {
      "n": 15,
      "mean_mismatch": 0.14097204609817818,
      "mean_market_error": 0.5,
      "mean_model_error": 0.5379999999999999,
      "mean_ci_width": 0.9390000000000001,
      "coverage": 0.7333333333333333
    },
    "Q2": {
      "n": 15,
      "mean_mismatch": 0.1848332009236713,
      "mean_market_error": 0.5,
      "mean_model_error": 0.49499999999999994,
      "mean_ci_width": 1.0,
      "coverage": 1.0
    },
    "Q3": {
      "n": 15,
      "mean_mismatch": 0.20236984001497943,
      "mean_market_error": 0.5,
      "mean_model_error": 0.4454000000000001,
      "mean_ci_width": 0.9926666666666667,
      "coverage": 1.0
    },
    "Q4_high_mismatch": {
      "n": 15,
      "mean_mismatch": 0.2913767268355123,
      "mean_market_error": 0.5,
      "mean_model_error": 0.5336666666666666,
      "mean_ci_width": 1.0,
      "coverage": 1.0
    }
  },
  "fade_roi": 0.0,
  "investigate_count": 10,
  "investigate_win_rate": 0.5,
  "timestamp": "2026-04-30T09:04:05.985872",
  "brier_decomposition": {
    "reliability": 0.11636905066137564,
    "resolution": 0.059847883597883594,
    "uncertainty": 0.25,
    "check": 0.30652116706349203
  }
}